;;;;;;;;;;;;;;;;;;;;;;;;;;;;;;;;;
PROV2477;Warrnambool;;;;;;;;;;;;;x
PROV1795;Bambuhu;;;;;;;;;;;;;x
PROV1905;Sia;;;;;;;;;;;;;x
PROV1981;Elba;;;;;;;;;;;;;x
PROV2131;Falkland & South Georgia;;;;;;;;;;;;;x
PROV3322;Panaki;;;;;;;;;;;;;x
FRA_411;Louréne;;;;;;;;;;;;x
PROV934;Samawah;;;;;;;;;;;;x
AUS_627;East Cislavy;;;;;;;;;;;;x
ABU_1162;Arabian Gulf;;;;;;;;;;;;x
EGY_897;Western Syria;;;;;;;;;;;;x
EGY_903;Eastern Syria;;;;;;;;;;;;x
PROV928;Baqubah;;;;;;;;;;;;x
PROV1813;Hasakeh-Magarisu;;;;;;;;;;;;x
PROV907;Deir ez-Zor;;;;;;;;;;;;x
PROV901;Raqqah;;;;;;;;;;;;x
PROV2133;Gizab;;;;;;;;;;;;x
PROV1214;Zaranj;;;;;;;;;;;;x
PROV582;Bielefeld;;;;;;;;;;;;x
FRA_400;Champagne;;;;;;;;;;;;x
PROV2346;Colonia;;;;;;;;;;;;x
PROV1447;Taliabu;;;;;;;;;;;;x
BEL_1977;Lower Congo;;;;;;;;;;;;x
TUR_832;Thessaly;;;;;;;;;;;;x
EGY_1758;Western Desert;;;;;;;;;;;;x
PROV1895;Daloa;;;;;;;;;;;;x
FRA_1775;Trab el Beidan;;;;;;;;;;;;x
PROV2721;Heligoland Bight;;;;;;;;;;;;x
RUS_959;Volyn;;;;;;;;;;;;x
druze;Druze;;;;;;;;;;;;x
PROV911;Ma'an;;;;;;;;;;;;x
PROV910;Azraq;;;;;;;;;;;;x
PROV2582;Kotor;;;;;;;;;;;;x
PROV1839;Al-Fula;;;;;;;;;;;;x
PROV1739;An Nuhud;;;;;;;;;;;;x
PROV1806;Bayuda;;;;;;;;;;;;x
PROV2046;Mbeya;;;;;;;;;;;;x
PROV1850;Keren;;;;;;;;;;;;x
AUS_733;Friuli;;;;;;;;;;;;x
PAP_741;Emilia-Romagna;;;;;;;;;;;;x
mining_district;Mining District;;;;;;;;;;;;x
new_world_semidesert;Desert Scrublands;;;;;;;;;;;;x
new_world_desert;Desert;;;;;;;;;;;;x
new_world_boreal;Taiga;;;;;;;;;;;;x
new_world_montane_tundra;Alpine Tundra;;;;;;;;;;;;x
new_world_arctic;Tundra;;;;;;;;;;;;x
new_world_mountain;Montane Grassland;;;;;;;;;;;;x
new_world_jungle;Jungle;;;;;;;;;;;;x
new_world_plains;Grassland;;;;;;;;;;;;x
new_world_small_island;Island;;;;;;;;;;;;x
arid_climate;Arid Climate;;;;;;;;;;;;x
CANAL_6;English Channel;;;;;;;;;;;;;;;;;;;;;;;;;x;;;;
GRE_837;Sterea Ellada;;;;;;;;;;;;x
PROV2669;Sondrio;;;;;;;;;;;;x
PROV8;Belluno;;;;;;;;;;;;x
PROV2351;Magdalena;;;;;;;;;;;;x
PROV10;Pescara;;;;;;;;;;;;x
PROV3318;Lake Saimaa;;;;;;;;;;;;x
PROV3317;Lake Päijänne;;;;;;;;;;;;x
PROV3316;Lake Oulujärvi;;;;;;;;;;;;x
PROV2715;Suuri Saari;;;;;;;;;;;;x
PROV3314;Lake Storsjön;;;;;;;;;;;;x
PROV3313;Lake Siljan;;;;;;;;;;;;x
PROV3312;Lake Hjälmaren;;;;;;;;;;;;x
PROV3311;Lough Neagh;;;;;;;;;;;;x
PROV3310;Hulun Lake;;;;;;;;;;;;x
PROV3309;Namak Lake;;;;;;;;;;;;x
PROV3308;Khar Us Lake;;;;;;;;;;;;x
PROV3306;Uvs Lake;;;;;;;;;;;;x
PROV3305;Khovsgol Lake;;;;;;;;;;;;x
PROV3304;Lake Zaysan;;;;;;;;;;;;x
PROV3302;Khanka Lake;;;;;;;;;;;;x
PROV3300;Siling Lake;;;;;;;;;;;;x
PROV3299;Chott Chergui;;;;;;;;;;;;x
PROV3298;Chott el Hodna;;;;;;;;;;;;x
PROV3297;Chott Melghir;;;;;;;;;;;;x
PROV3296;Chott el Djerid;;;;;;;;;;;;x
PROV3294;Lake Mweru;;;;;;;;;;;;x
PROV3293;Lake Rukwa;;;;;;;;;;;;x
PROV3292;Lake Argyle;;;;;;;;;;;;x
PROV3291;Lake Mackay;;;;;;;;;;;;x
PROV3289;Scottish Channel;;;;;;;;;;;;x
PROV3287;Lake Gairdner;;;;;;;;;;;;x
PROV3285;Fagnano Lake;;;;;;;;;;;;x
PROV1531;Tombara;;;;;;;;;;;x
PROV2537;Birara;;;;;;;;;;;x
PROV158;Grand Portage;;;;;;;;;;;x
PROV29;Kyzylkum;;;;;;;;;;;x
PROV2595;Nunavut;;;;;;;;;;;x
PROV25;Old Bow Fort;;;;;;;;;;;x
PROV6;Selkirk;;;;;;;;;;;x
PROV35;Fort Pitt;;;;;;;;;;;x
PROV28;Jasper;;;;;;;;;;;x
PROV26;Rocky Mountain House;;;;;;;;;;;x
PROV22;Buckingham House;;;;;;;;;;;x
PROV24;Fort Chesterfield;;;;;;;;;;;x
PROV34;Fort Carlton;;;;;;;;;;;x
PROV33;Battleford;;;;;;;;;;;x
PROV41;Fort Ellice;;;;;;;;;;;x
PROV2594;Osnaburgh House;;;;;;;;;;;x
PROV49;Rat Portage;;;;;;;;;;;x
PROV52;Sudbury;;;;;;;;;;;x
PROV69;Petit-Sault;;;;;;;;;;;;x
PROV683;Valbrich;;;;;;;;;;;x
PROV43;Clarksville;;;;;;;;;;;x
PROV134;Fort Parker;;;;;;;;;;;x
PROV135;Llano Estacado;;;;;;;;;;;x
PROV85;Sonoma;;;;;;;;;;;x
urban;Urban;;;;;;;;;;;x
FRA_1901;Houet;;;;;;;;;;;x
ASH_1910;Volta;;;;;;;;;;;;x
PROV155;Fort Snelling;;;;;;;;;;;;x
PROV156;Fort Renville;;;;;;;;;;;;x
PROV157;Fort Ripley;;;;;;;;;;;;x
PROV92;Kullyspell;;;;;;;;;;;;x
PROV93;Fort Hall;;;;;;;;;;;;x
PROV123;Fort Robidoux;;;;;;;;;;;;x
PROV124;Bordeaux's Post;;;;;;;;;;;;x
PROV125;Fontenelle's Post;;;;;;;;;;;;x
PROV126;Fort Leavenworth;;;;;;;;;;;;x
PROV127;Fort Mann;;;;;;;;;;;;x
PROV113;Gallatin Valley;;;;;;;;;;;;x
PROV117;Fort Clark;;;;;;;;;;;;x
PROV118;Fort James;;;;;;;;;;;;x
PROV119;Fort Union;;;;;;;;;;;;x
PROV122;Fort Pierre;;;;;;;;;;;;x
PROV121;Fort Cedar;;;;;;;;;;;;x
PROV120;Fort Kiowa;;;;;;;;;;;;x
PROV114;Fort Owen;;;;;;;;;;;;x
PROV115;Fort Benton;;;;;;;;;;;;x
PROV116;Fort Van Buren;;;;;;;;;;;;x
PROV131;Fort Washita;;;;;;;;;;;;x
PROV130;Fort Gibson;;;;;;;;;;;;x
PROV111;Fort Bonneville;;;;;;;;;;;;x
PROV112;Fort Laramie;;;;;;;;;;;;x
PROV106;Bent's Fort;;;;;;;;;;;;x
PROV2702;Alty-Kuduk;;;;;;;;;;;;x
PROV1210;Kunduz;;;;;;;;;;;;x
PROV1196;Gurgench;;;;;;;;;;;;x
PROV686;Merv;;;;;;;;;;;;x
BUR_1334;Mandalay;;;;;;;;;;;;x
PROV2623;Midway and Wake Islands;;;;;;;;;;;;x
PROV2524;Hamilton;;;;;;;;;;;;x
PROV579;Neuwied;;;;;;;;;;;;;x
PROV574;Koblenz;;;;;;;;;;;;;x
PROV547;Greifswald;;;;;;;;;;;;;x
PROV2036;Mzizima;;;;;;;;;;;;;x
PROV2681;Taipei;;;;;;;;;;;;;x
PROV1485;Tainan;;;;;;;;;;;;;x
PROV2562;Taitung;;;;;;;;;;;;;x
PROV1743;Nordhorn;;;;;;;;;;;;;x
PROV1738;Al Jaghbub;;;;;;;;;;;;;x
PROV2585;Al Jawf;;;;;;;;;;;;;x
PROV1742;Wath;;;;;;;;;;;;;x
PROV1744;Sabha;;;;;;;;;;;;;x
PROV2016;Mpika;;;;;;;;;;;;;x
PROV2017;Mwansabombwe;;;;;;;;;;;;;x
PROV3104;Lake Nyasa;;;;;;;;;;;;;x
PROV702;Lemberg;;;;;;;;;;;;;x
PROV952;Tarnopol;;;;;;;;;;;;;x
PROV2605;Ngaanyatjarraku;;;;;;;;;;;;;x
PROV2601;Wilkinkarra;;;;;;;;;;;;;x
PROV2495;Tirari;;;;;;;;;;;;;x
PROV1990;Kindu;;;;;;;;;;;;;x
PROV1991;Rusozi;;;;;;;;;;;;;x
PROV2471;Bathurst;;;;;;;;;;;;;x
PROV2496;Nullarbor;;;;;;;;;;;;;x
PROV2603;Chanamee;;;;;;;;;;;;;x
PROV2507;Mparntwe;;;;;;;;;;;;;x
PROV2505;Port Essington;;;;;;;;;;;;;x
RUS_973;Kherson-Zaporizhia;;;;;;;;;;;;;x
RUS_955;Yekaterinoslav;;;;;;;;;;;;x
PROV3107;Lake Baikal;;;;;;;;;;;;;;;;;;;;;x;;;;;;
PROV1724;Orkney & Shetland;;;;;;;;;;;;;;;;;;;;;;;;x
PROV1858;Asaita;;;;;;;;;;;;;;;;;;;;;;;;x
australia_new_zealand;Oceania;;;;;;;;;;;;;;;;;;;;;;;;x
polynesia;Polynesia;;;;;;;;;;;;;;;;;;;;;;;;x
desert;Desert;;;;;;;;;;;;;;;;;;;;;;;x;;;;
semidesert;Semidesert;;;;;;;;;;;;;;;;;;;;;;;;;;;x;;;;
small_island;Island;;;;;;;;;;;;;;;;;;;;;;;;;;;x;;;;
coral_island;Atoll;;;;;;;;;;;;;;;;;;;;;;;;;;;x;;;;
forest;Forest;;;;;;;;x
boreal;Taiga;;;;;;;;;;;;;;;;;;;;;;;;x
arctic;Tundra;;;;;;;;;;;;;;;;;;;;;;;;x
plains;Grassland;;;;;;;;;;;;;;;;;;;;;;;;x
hills;Grassland Hills;;;;;;;;;;;;;;;;;x
dryhills;Dry Grassland Hills;;;;;;;;;;;;;;;;;x
mountain;Montane Grassland;;;;;;;;;;;;;;;;;x
montane_tundra;Alpine Tundra;;;;;;;;;;;;;;;;;x
montane_forest;Montane Forest;;;;;;;;;;;;;;;;;x
savanna;Savanna;;;;;;;;;;;;;;;;;;;;;;;;x
PROV1377;Da Nang;;;;;;;;;;;;;;;;;;x;;;;
PROV1720;Bechar;;;;;;;;;;;;;;;;;;x;;;;
PROV1714;Santa Rosa;;;;;;;;;;;;;;;;;;x;;;;
PROV2631;Unalakleet;;;;;;;;;;;;;;;;;;x;;;;
PROV1780;Dibra e Madhe;;;;;;;;;;;;;;;;;;x;;;;
PROV2371;Uquia;;;;;;;;;;;;;;;;;;x;;;;
PROV2953;New York Bight;;;;;;;;;;;;;;;;;;x;;;;
PROV2954;Chesapeake Bay;;;;;;;;;;;;;;;;;;x;;;;
PROV1930;Idah;;;;;;;;;;;;;;;;;;x;;;;
PROV1937;Wukari;;;;;;;;;;;;;;;;;;x;;;;
PROV1936;Nsukka;;;;;;;;;;;;;;;;;;x;;;;
PROV2697;Jingkiri;;;;;;;;;;;;;;;;;;x;;;;
PROV1081;Yakesa;;;;;;;;;;;;;;;;;;x;;;;
PROV1085;Hailanpao;;;;;;;;;;;;;;;;;x;;;;
PROV1600;Urumqi;;;;;;;;;;;;;;;;;x;;;;
PROV2839;Gulf of Patience;;;;;;;;;;;;;;;;;x;;;;
PROV2831;Soya Strait;;;;;;;;;;;;;;;;;x;;;;
PROV2830;East Sea;;;;;;;;;;;;;;;;;x;;;;
PROV1557;Xining;;;;;;;;;;;;;;;;;x;;;;
PROV2329;Araucanía;;;;;;;;;;;;;;;;;x;;;;
PROV2326;Aconcagua;;;;;;;;;;;;;;;;;x;;;;
PROV2244;Christimas & Cocos;;;;;;;;;;;;;;;;;x;;;;
PROV2406;Penghu;;;;;;;;;;;;;;;;;x;;;;
PROV2113;uMgungundlovu;;;;;;;;;;;;;;;;;x;;;;
PROV2110;Tsaneng;;;;;;;;;;;;;;;;;x;;;;
PROV2058;Moyo;;;;;;;;;;;;;;;;;x;;;;
PROV2050;Manjakazi;;;;;;;;;;;;;;;;;x;;;;
POR_2049;Gaza;;;;;;;;;;;;;;;;;x;;;;
PROV2049;Inkomati;;;;;;;;;;;;;;;;;x;;;;
POR_2060;Moçambique;;;;;;;;;;;;;;;;;x;;;;
PROV2088;O'okiep;;;;;;;;;;;;;;;;;x;;;;
PROV2558;Emthanjeni;;;;;;;;;;;;;;;;;x;;;;
PROV2093;Hantam;;;;;;;;;;;;;;;;;x;;;;
PROV2084;Nomabeb;;;;;;;;;;;;;;;;;x;;;;
PROV2081;Luhonono;;;;;;;;;;;;;;;;;x;;;;
PROV2082;Epako;;;;;;;;;;;;;;;;;x;;;;
PROV2080;Otjivanda;;;;;;;;;;;;;;;;;x;;;;
PROV1788;Kahone;;;;;;;;;;;;;;;;;x;;;;
PROV1540;Nantong;;;;;;;;;;;;;;;;;;;;;;;x
PROV2526;Palmyra and Line Islands;;;;;;;;;;;;;;;;;;;;;;;x
TIB_1591;Tibetan Plateau;;;;;;;;;;;;;;;;;;;;;;;x
PROV2482;Van Diemen's Land;;;;;;;;;;;;;;;;;;;;;;;x
PROV2382;Laboulaye;;;;;;;;;;;;;;;;;;;;;;;x
PROV2640;Gwadar;;;;;;;;;;;;;;;;;;;;;;;x
PROV1071;Qeshm;;;;;;;;;;;;;;;;;;;;;;;x
PROV2786;Gulf of Oman;;;;;;;;;;;;;;;;;;;;;;;x
PROV2787;Hormuz Strait;;;;;;;;;;;;;;;;;;;;;;;x
PROV2664;Khasab;;;;;;;;;;;;;;;;;;;;;;;x
PROV2236;Philipsburg;;;;;;;;;;;;x
PEU_2297;Cusco;;;;;;;;;;;;x
PROV2667;Batagay;;;;;;;;;;;;x
PROV110;Rock Springs;;;;;;;;;;;;x
PROV1387;Kelang;;;;;;;;;;;;x
PROV1385;Tanjung Puteri;;;;;;;;;;;;x
PROV88;Mojave;;;;;;;;;;;;x
CAN_18;New Caledonia;;;;;;;;;;;;x
ALD_1714;Saoura;;;;;;;;;;;;x
PROV2590;Ceuta;;;;;;;;;;;;x
PROV3236;Anam a Cheper;;;;;;;;;;;;x
PROV641;Pest;;;;;;;;;;;;x
PROV2637;Vyon;;;;;;;;;;;;x
PROV2632;Kwangchowan;;;;;;;;;;;;x
PROV1495;Maoming;;;;;;;;;;;;x
PROV1644;Meakan;;;;;;;;;;;;x
PROV1443;Rote;;;;;;;;;;;;x
PROV2224;Antigua & Barbuda;;;;;;;;;;;;x
PROV2220;Turks & Caicos;;;;;;;;;;;;x
CHI_1082;Guanwai;;;;;;;;;;;;x
PROV2591;Tranquebar;;;;;;;;;;;;x
PROV2625;North West River;;;;;;;;;;;;x
PROV2580;Novaya Ladoga;;;;;;;;;;;;x
PROV995;Petrozavodsk;;;;;;;;;;;;x
PROV965;Kherson;;;;;;;;;;;;x
PROV1048;Krasnoadar;;;;;;;;;;;;x
PROV1045;Migulinskaya;;;;;;;;;;;;x
PROV950;Ungvár;;;;;;;;;;;;x
RUS_1185;Zhetysu;;;;;;;;;;;;x
PROV1201;Khujand;;;;;;;;;;;;x
PROV1206;Amul;;;;;;;;;;;;x
RUS_2618;Magadan;;;;;;;;;;;;x
RUS_2621;Kolyma;;;;;;;;;;;;x
RUS_2590;Chukotka;;;;;;;;;;;;x
RUS_1070;Yeniseysk;;;;;;;;;;;;x
RUS_2694;Evenkiysk;;;;;;;;;;;;x
RUS_2615;Northern Yeniseysk;;;;;;;;;;;;x
RUS_1065;Yamalia;;;;;;;;;;;;x
RUS_2653;Khanty-Mansi;;;;;;;;;;;;x
PROV2634;Beringovsky;;;;;;;;;;;;;;;;;;;;;;;x
PROV2661;Belebino;;;;;;;;;;;;;;;;;;;;;;;x
PROV2660;Seymchan;;;;;;;;;;;;;;;;;;;;;;;x
PROV2620;Susuman;;;;;;;;;;;;;;;;;;;;;;;x
PROV2639;Arman;;;;;;;;;;;;;;;;;;;;;;;x
PROV2665;Chokurdakh;;;;;;;;;;;;;;;;;;;;;;;x
PROV2647;Lifau;;;;;;;;;;;;;;;;;;;;;;;x
PROV1080;Chumikan;;;;;;;;;;;;;;;;;;;;;;;x
PROV2671;Barguzin;;;;;;;;;;;;;;;;;;;;;;;x
PROV2670;Verkhneudinsk;;;;;;;;;;;;;;;;;;;;;;;x
PROV2662;Animas;;;;;;;;;;;;;;;;;;;;;;;x
PROV1073;Gizhiga;;;;;;;;;;;;;;;;;;;;;;;x
PROV1076;Nizhneudinsk;;;;;;;;;;;;;;;;;;;;;;;x
PROV2645;Bodaybo;;;;;;;;;;;;;;;;;;;;;;;x
PROV2693;Essey;;;;;;;;;;;;;;;;;;;;;;;x
PROV2677;Ilimsk;;;;;;;;;;;;;;;;;;;;;;;x
PROV2675;Erbogachen;;;;;;;;;;;;;;;;;;;;;;;x
PROV1070;Yeniseysk;;;;;;;;;;;;;;;;;;;;;;;x
PROV2651;Mirny;;;;;;;;;;;;;;;;;;;;;;;x
PROV2674;Abakan;;;;;;;;;;;;;;;;;;;;;;;x
PROV2682;Obdorsk;;;;;;;;;;;;;;;;;;;;;;;x
PROV2646;Surgut;;;;;;;;;;;;;;;;;;;;;;;x
PROV2690;Yugansk;;;;;;;;;;;;;;;;;;;;;;;x
PROV2685;Verkhoturye;;;;;;;;;;;;;;;;;;;;;;;x
PROV2614;Shadrinsk;;;;;;;;;;;;;;;;;;;;;;;x
PROV2658;Kurgan;;;;;;;;;;;;;;;;;;;;;;;x
PROV2683;Narym;;;;;;;;;;;;;;;;;;;;;;;x
PROV2613;Nadym;;;;;;;;;;;;;;;;;;;;;;;x
PROV2659;Khalmer-Sede;;;;;;;;;;;;;;;;;;;;;;;x
PROV2698;Kuznetsk;;;;;;;;;;;;;;;;;;;;;;;x
PROV2691;Minusk;;;;;;;;;;;;;;;;;;;;;;;x
PROV2657;Dudinka;;;;;;;;;;;;;;;;;;;;;;;x
PROV2680;Volochanka;;;;;;;;;;;;;;;;;;;;;;;x
PROV1065;Nyagan;;;;;;;;;;;;;;;;;;;;;;;x
PROV2686;Kainsk;;;;;;;;;;;;;;;;;;;;;;;x
PROV1696;Cape Juby;;;;;;;;;;;;x
ENG_1251;West Bengal;;;;;;;;;;;;x
ENG_1252;East Bengal;;;;;;;;;;;;x
PROV1290;Umerkot;;;;;;;;;;;;x
KOK_1190;Alay;;;;;;;;;;;;x
PROV892;Bay;;;;;;;;;;;;x
PROV924;Rewanduz;;;;;;;;;;;;x
PROV925;Sulaymania;;;;;;;;;;;;x
PROV1110;Urmia;;;;;;;;;;;;x
PROV2414;Jezira;;;;;;;;;;;;x
PROV914;Trablos;;;;;;;;;;;;x
PROV1469;Uriankhai;;;;;;;;;;;;x
PROV1181;Akmolinsk;;;;;;;;;;;;;;;;;;;;;;x
PROV1205;Kyzyl-Su;;;;;;;;;;;;;;;;;;;;;;;x
PROV1204;Ashkhabad;;;;;;;;;;;;;;;;;;;;;;;x
PROV1194;Novopetrovskoye;;;;;;;;;;;;;;;;;;;;;;;x
PROV1197;Chimkent;;;;;;;;;;;;;;;;;;;;;;;x
PROV1185;Turkistan;;;;;;;;;;;;;;;;;;;;;;;x
PROV3106;Lake Balkhash;;;;;;;;;;;;;;;;;;;;;;;x
PROV1186;Zhetysu;;;;;;;;;;;;;;;;;;;;;;;x
PROV1193;Ak-Mechet;;;;;;;;;;;;;;;;;;;;;;;x
PROV2606;Balkhash;;;;;;;;;;;;;;;;;;;;;;;x
ARG_2384;Córdoba de Argentina;;;;;;;;;;;;;;;;;;;;;;;x
ARG_2393;La Pampa;;;;;;;;;;;;;;;;;;;;;;;x
PROV1391;Kota Kubang Labu;;;;;;;;;;;;;;;;;;;;;;;x
PROV1382;Hà Tiên;;;;;;;;;;;;;;;;;;;;;;;x
RUS_1048;Western Cherkess Plains;;;;;;;;;;;;;;;;;;;;;;;x
PROV1049;Upper Sochi;;;;;;;;;;;;;;;;;;;;;;;x
PROV900;Antakya;;;;;;;;;;;;;;;;;;;;;;;x
PROV689;Tesin;;;;;;;;;;;;;;;;;;;;;;;x
PROV1773;Saguia el-Hamra;;;;;;;;;;;;;;;;;;;;;;;x
PROV1178;Sana'a;;;;;;;;;;;;;x
PROV969;Olviopol;;;;;;;;;;;;;x
PROV972;Yekaterinoslav;;;;;;;;;;;;;x
PROV974;Bachmut;;;;;;;;;;;;;;;;;;;x;
PROV1041;Elista;;;;;;;;;;;;;;;;;;;x;
PROV745;Leghorn;;;;;;;;;;;;;;;;;;;x;
PROV2436;Salvador da Bahia;;;;;;;;;;;;;;;;;;;x;
BRZ_2408;Grão - Pará;;;;;;;;;;;;;;;;;;;x;
BRZ_2428;Nordeste;;;;;;;;;;;;;;;;;;;x;
PROV2423;Vila da Palma;;;;;;;;;;;;;;;;;;;x;
PROV2426;Vila do Poti;;;;;;;;;;;;;;;;;;;x;
NEJ_1156;Ha'il;;;;;;;;;;;;;;;;;;;x;
PROV396;Svoboda;;;;;;;;;;;;;;;;;x;;;;;;
PROV1445;Koepang;;;;;;;;;;;;;;;;;x;;;;;;
PROV1448;Ternate;;;;;;;;;;;;;;;;;x;;;;;;
KOR_1624;Hanseong;;;;;;;;;;;;;;;;;x;;;;;;
PROV3101;Lake Chad;;;;;;;;;;;;;;;;;x;;;;;;
PROV3102;Ukerewe;;;;;;;;;;;;;x;;;;;;
PROV1845;Bahr el Ghazal;;;;;;;;;;;;;;;;;;;;;;;x;;;;
PROV2070;Umtali;;;;;;;;;;;;;;;;;;;;;;;x;;;;
PROV2581;Chiconono;;;;;;;;;;;;;;;;;;;;;;;x;;;;
PROV2516;Nelson;;;;;;;;;;;;;;;;;;;;;;;x;;;;
PROV2498;Albaly;;;;;;;;;;;;;;;;;;;;;;;x;;;;
PROV2515;Syndirch;;;;;;;;;;;;;;;;;;;;;;;x;;;;
PROV2513;Dunedin;;;;;;;;;;;;;;;;;;;;;;;x;;;;
PROV2512;Wellingtown;;;;;;;;;;;;;;;;;;;;;;;x;;;;
PROV2511;Napier;;;;;;;;;;;;;;;;;;;;;;;x;;;;
PROV2510;Plymouth;;;;;;;;;;;;;;;;;;;;;;;x;;;;
PROV1624;Hanseong;;;;;;;;;;;;;;;;;;;;;;;x;;;;
PROV2086;Aixa-aibes;;;;;;;;;;;;;;;;;;;;;;;x;;;;
PROV2079;Otjozondjii;;;;;;;;;;;;;;;;;;;;;;;x;;;;
PROV2078;Otjomuise;;;;;;;;;;;;;;;;;;;;;;;x;;;;
PROV1481;Lüshun;;;;;;;;;;;;;;;;;;;;;;;x;;;;
PROV2083;Ezorongondo;;;;;;;;;;;;;;;;;;;;;;;x;;;;
PROV1028;Vyatka;;;;;;;;;;;;;;;;;;;;;;;x;;;;
PROV1019;Voronezh;;;;;;;;;;;;;;;;;;;;;;;x;;;;
PROV3246;Saint Barths;;;;;;;;;;;;;;;;;;;;x;
PROV82;Grande Ronde;;;;;;;;;;;;;;;;;;;;x;
PROV81;Pertend;;;;;;;;;;;;;;;;;;;;x;
PROV83;Fort Umpqua;;;;;;;;;;;;;;;;;;;;x;
PROV78;Seattle;;;;;;;;;;;;;;;;;;;;x;
PROV2101;Thaba Nchu;;;;;;;;;;;;;;;;;;;;x;
PROV2102;Qwa-Qwa;;;;;;;;;;;;;;;;;;;;x;
PROV2103;Lephoi;;;;;;;;;;;;;;;;;;;;x;
PROV2094;Griqualand;;;;;;;;;;;;;;;;;;;;x;
TRN_2108;Tky-Gariep;;;;;;;;;;;;;;;;;;;;x;
PROV2107;Makwasi;;;;;;;;;;;;;;;;;;;;x;
PROV2106;Saan;;;;;;;;;;;;;;;;;;;;x;
PROV2105;Ga-Rankuwa;;;;;;;;;;;;;;;;;;;;x;
PROV2109;Ga-Riba;;;;;;;;;;;;;;;;;;;;x;
PROV2112;Emnambithi;;;;;;;;;;;;;;;;;;;;x;
ORA_2103;Basutoland;;;;;;;;;;;;;;;;;;;;x;
ZUL_2113;Zululand;;;;;;;;;;;;;;;;;;;;x;
PROV1152;Jeddah;;;;;;;;;;;;x
CAN_13;Columbia;;;;;;;;;;;;x
PROV13;Grand Vancouver;;;;;;;;;;;;x
PROV17;Stikine;;;;;;;;;;;;x
CAN_19;New Caledonia;;;;;;;;;;;;x
PROV20;Okanagan;;;;;;;;;;;;x
PROV21;Kootenay;;;;;;;;;;;;x
PROV44;Guantanamo Bay;;;;;;;;;;;;x
CAN_46;Upper Canada;;;;;;;;;;;;x
CAN_50;Northern Ontario;;;;;;;;;;;;x
CAN_60;Northern Quebec;;;;;;;;;;;;x
ENG_68;Maritimes;;;;;;;;;;;;x
MEX_94;Nevada;;;;;;;;;;;;x
MEX_97;Utah;;;;;;;;;;;;x
USA_201;Georgia;;;;;;;;;;;;x
USA_205;South Carolina;;;;;;;;;;;;x
ENG_258;Connacht;;;;;;;;;;;;x
ENG_263;Leinster;;;;;;;;;;;;x
SWE_322;Stockholm;;;;;;;;;;;;x
SWE_329;Göteborg;;;;;;;;;;;;x
SWE_334;Malmö;;;;;;;;;;;;x
RUS_343;Helsinki;;;;;;;;;;;;x
RUS_345;Turku;;;;;;;;;;;;x
RUS_360;Lithuania;;;;;;;;;;;;x
HOL_369;Holstein;;;;;;;;;;;;x
SCH_370;Schleswig;;;;;;;;;;;;x
NET_379;Zeeland;;;;;;;;;;;;x
PROV381;Limburg;;;;;;;;;;;;x
BEL_387;Belgie;;;;;;;;;;;;x
NET_394;Wallonia;;;;;;;;;;;;x
HAN_528;Lower Elbe;;;;;;;;;;;;x
HAN_534;Hanover;;;;;;;;;;;;x
HAN_540;Oost-Friesland;;;;;;;;;;;;x
PRU_575;West-Rijnland;;;;;;;;;;;;x
PRU_578;Ostrheinland;;;;;;;;;;;;x
BAV_595;Franconia;;;;;;;;;;;;x
BAV_599;Upper Bavaria;;;;;;;;;;;;x
SPA_610;Caroline Islands;;;;;;;;;;;;x
AUS_652;Banovinhaben;;;;;;;;;;;;x
AUS_654;West Ardeal;;;;;;;;;;;;x
AUS_657;East Ardeal;;;;;;;;;;;;x
MOL_676;Basarabia;;;;;;;;;;;;x
PRU_682;Silesia;;;;;;;;;;;;x
AUS_702;Galicia-Lodomeria;;;;;;;;;;;;x
PROV704;Nowy Sacz;;;;;;;;;;;;x
RUS_706;Masovia;;;;;;;;;;;;x
PROV711;Siedlce;;;;;;;;;;;;x
RUS_715;West Galicia;;;;;;;;;;;;x
PROV719;Bialystok;;;;;;;;;;;;x
PROV748;Grosseto;;;;;;;;;;;;x
SAR_765;Thyrrenian Islands;;;;;;;;;;;;x
FRA_801;Tahiti;;;;;;;;;;;;x
TUR_805;Makedonska;;;;;;;;;;;;x
TUR_806;Nadatisea;;;;;;;;;;;;x
TUR_853;Shqiperi;;;;;;;;;;;;x
TUR_809;Eastern Rumelia;;;;;;;;;;;;x
TUR_823;Skrvatia;;;;;;;;;;;;x
PROV829;Xanthe;;;;;;;;;;;;x
TUR_876;Ankara;;;;;;;;;;;;x
TUR_880;Kastamonu;;;;;;;;;;;;x
TUR_882;Trebizond;;;;;;;;;;;;x
TUR_890;Van;;;;;;;;;;;;x
TUR_893;Diyarbakir;;;;;;;;;;;;x
TUR_894;Adana;;;;;;;;;;;;x
RUS_940;Pinsk;;;;;;;;;;;;x
RUS_968;Transnistria;;;;;;;;;;;;x
RUS_978;Kharkov;;;;;;;;;;;;x
RUS_979;Donbass;;;;;;;;;;;;x
PROV1082;Haishenwai;;;;;;;;;;;;x
JAP_1086;Sakhalin;;;;;;;;;;;;x
PROV1087;Otomari;;;;;;;;;;;;x
JAP_1088;Ezo;;;;;;;;;;;;x
AST_1097;New Caledonia;;;;;;;;;;;;x
PER_1116;Mazandaran;;;;;;;;;;;;x
PER_1128;Lorestan;;;;;;;;;;;;x
PER_1132;Khuzestan;;;;;;;;;;;;x
PER_1136;Fars;;;;;;;;;;;;x
PER_1140;Kerman;;;;;;;;;;;;x
YEM_1178;Sana'a;;;;;;;;;;;;x
AFG_1209;North Afghanistan;;;;;;;;;;;;x
KOK_1210;Bandakshan;;;;;;;;;;;;x
AFG_1214;South Afghanistan;;;;;;;;;;;;x
PAN_1233;Amritsar;;;;;;;;;;;;x
ENG_1243;Bundelkhand;;;;;;;;;;;;x
ENG_1244;Awadh;;;;;;;;;;;;x
SIA_1352;Pattani;;;;;;;;;;;;x
SIA_1355;Shan;;;;;;;;;;;;x
LUA_1356;Laos;;;;;;;;;;;;x
SIA_1358;Isan;;;;;;;;;;;;x
PROV1360;Xiangabouli;;;;;;;;;;;;x
DAI_1369;Tonkin;;;;;;;;;;;;x
DAI_1375;Annam;;;;;;;;;;;;x
DAI_1380;Cochinchina;;;;;;;;;;;;x
ENG_1384;Southern Malaya;;;;;;;;;;;;x
ENG_1391;Northern Malaya;;;;;;;;;;;;x
SIA_1392;Ayutthaya;;;;;;;;;;;;x
BRU_1394;West Borneo;;;;;;;;;;;;x
BRU_1396;Sabah;;;;;;;;;;;;x
NET_1401;Siak;;;;;;;;;;;;x
YEM_1412;Aden;;;;;;;;;;;;x
NET_1413;West Java;;;;;;;;;;;;x
NET_1418;East Java;;;;;;;;;;;;x
NET_1423;East Borneo;;;;;;;;;;;;x
NET_1426;South Borneo;;;;;;;;;;;;x
NET_1446;Timor;;;;;;;;;;;;x
NET_1447;Moluccas;;;;;;;;;;;;x
NET_1449;Celebes;;;;;;;;;;;;x
PROV1542;Xuzhou;;;;;;;;;;;;x
PROV1559;Xian;;;;;;;;;;;;x
PROV1612;Baoding;;;;;;;;;;;;x
CHI_1612;Hebei;;;;;;;;;;;;x
PROV1616;Peking;;;;;;;;;;;;x
CHI_1616;Shuntian;;;;;;;;;;;;x
PROV1643;Ishikari;;;;;;;;;;;;x
JAP_1649;Kanto;;;;;;;;;;;;x
JAP_1654;Bonin Islands;;;;;;;;;;;;x
JAP_1655;Kansai;;;;;;;;;;;;x
JAP_1640;Chugoku;;;;;;;;;;;;x
JAP_1665;Shikoku;;;;;;;;;;;;x
JAP_1660;Kyushu;;;;;;;;;;;;x
JAP_1672;Tohoku;;;;;;;;;;;;x
JAP_1675;Chubu;;;;;;;;;;;;x
PROV1679;Amami;;;;;;;;;;;;x
MOR_1693;Marrakesh;;;;;;;;;;;;x
MOR_1694;Agadir;;;;;;;;;;;;x
ALD_1704;Oran;;;;;;;;;;;;x
ALD_1708;Constantine;;;;;;;;;;;;x
PROV1709;Bône;;;;;;;;;;;;x
ALD_1713;North Central Sahara;;;;;;;;;;;;x
TRI_1731;Tripolitania;;;;;;;;;;;;x
TRI_1735;Cyrenaica;;;;;;;;;;;;x
TRI_1740;Fezzan;;;;;;;;;;;;x
EGY_1745;East Delta;;;;;;;;;;;;x
EGY_1751;West Delta;;;;;;;;;;;;x
EGY_1753;Qattara;;;;;;;;;;;;x
EGY_1755;Sinai;;;;;;;;;;;;x
ENG_1844;Sudd;;;;;;;;;;;;x
ETH_1852;Begemder;;;;;;;;;;;;x
ETH_1862;Gibe;;;;;;;;;;;;x
ETH_1865;Hararghe;;;;;;;;;;;;x
PROV1860;Hawassa;;;;;;;;;;;;x
PROV1863;Jimma;;;;;;;;;;;;x
PROV1864;Sidamo;;;;;;;;;;;;x
PROV1866;Bale;;;;;;;;;;;;x
PROV1867;Ogaden;;;;;;;;;;;;x
SOM_1868;South Somaliland;;;;;;;;;;;;x
SOM_1872;North Somaliland;;;;;;;;;;;;x
FRA_1878;Guinea-Bissau;;;;;;;;;;;;x
FRA_1883;Guinea;;;;;;;;;;;;x
ASH_1909;Gold Coast;;;;;;;;;;;;x
FRA_1919;Dahomey;;;;;;;;;;;;x
SOK_1934;Biafra;;;;;;;;;;;;x
SOK_1937;Tukari;;;;;;;;;;;;x
SOK_1945;Kano;;;;;;;;;;;;x
SPA_1955;Equatorial Guinea;;;;;;;;;;;;x
ENG_1956;Cameroon;;;;;;;;;;;;x
SOK_1963;Adamawa;;;;;;;;;;;;x
FRA_1970;Bangassou;;;;;;;;;;;;x
BEL_1990;Kivu;;;;;;;;;;;;x
BEL_1996;Congo Orientale;;;;;;;;;;;;x
BEL_2034;Ruanda-Urundi;;;;;;;;;;;;x
ENG_2036;Zanzibar;;;;;;;;;;;;x
ENG_2044;Tanganyika;;;;;;;;;;;;x
ENG_2048;Zanzibar;;;;;;;;;;;;x
POR_2054;Sofala;;;;;;;;;;;;x
ENG_2067;Nyasaland;;;;;;;;;;;;x
ENG_2068;Mashonaland;;;;;;;;;;;;x
ENG_2071;Rozwi;;;;;;;;;;;;x
ENG_2074;Bechuanaland;;;;;;;;;;;;x
ENG_2094;Griqualand West;;;;;;;;;;;;x
PROV2124;Maore;;;;;;;;;;;;x
MEX_2149;Cohauila;;;;;;;;;;;;x
MEX_2159;Veracruz;;;;;;;;;;;;x
MEX_2161;Jalisco;;;;;;;;;;;;x
MEX_2170;Guerrero;;;;;;;;;;;;x
MEX_2172;México;;;;;;;;;;;;x
MEX_2181;Chiapas;;;;;;;;;;;;x
PROV220;Annapolis;;;;;;;;;;;;x
PROV981;Arkhangelsk;;;;;;;;;;;;x
PROV1;New Arkhangelsk;;;;;;;;;;;;x
PROV2;Saint Dionysius;;;;;;;;;;;;x
PROV3;Kasilof;;;;;;;;;;;;x
PROV4;Paul's Harbor;;;;;;;;;;;;x
PROV5;Unalaska;;;;;;;;;;;;x
PROV107;San Jose;;;;;;;;;;;;x
PROV108;Grand Junction;;;;;;;;;;;;x
PROV104;San Francisco;;;;;;;;;;;;x
PROV2146;Washington;;;;;;;;;;;;x
PROV2148;Albuquerque;;;;;;;;;;;;x
PROV231;Camden;;;;;;;;;;;;x
UCA_2191;El Salvador;;;;;;;;;;;;x
UCA_2193;Honduras;;;;;;;;;;;;x
CHI_2221;South Jiangsu;;;;;;;;;;;;x
NET_2235;Leeward Antilles;;;;;;;;;;;;x
PEU_2308;Arica;;;;;;;;;;;;x
BOL_2309;Antofagasta;;;;;;;;;;;;x
ARG_2360;Entre Rios;;;;;;;;;;;;x
PROV2367;Xolotas;;;;;;;;;;;;x
ARG_2374;Catamarca;;;;;;;;;;;;x
BRZ_2421;Goiás;;;;;;;;;;;;x
AST_2454;Fiji;;;;;;;;;;;;x
BRZ_2461;Santa Catarina;;;;;;;;;;;;x
SPA_2517;Mariana Islands;;;;;;;;;;;;x
AST_2534;Solomon Islands;;;;;;;;;;;;x
AST_2535;Melanesian Islands;;;;;;;;;;;;x
AUS_2538;Vojvodina;;;;;;;;;;;;x
TON_2540;Tonga;;;;;;;;;;;;x
USA_2543;Samoa;;;;;;;;;;;;x
PROV2554;Misiones;;;;;;;;;;;;x
HES_2560;Hessen;;;;;;;;;;;;x
RUS_2587;Kola;;;;;;;;;;;;x
CHI_2678;Outer Mongolia;;;;;;;;;;;;x
PROV2834;Bay of Ayan;;;;;;;;;;;;x
PROV2836;Coast of Kamchatka;;;;;;;;;;;;x
PROV2837;Sea of Okhotsk;;;;;;;;;;;;x
PROV2838;Coast of Sakhalin;;;;;;;;;;;;x
PROV2843;Seto Inland Sea;;;;;;;;;;;;x
PROV3126;Coast of Minami;;;;;;;;;;;;x
PROV19;Valemount;;;;;;;;;;;;x
PRU_544;Mecklenburg;;;;;;;;;;;;x
PRU_546;Pomerania;;;;;;;;;;;;x
PRU_553;Anhalt;;;;;;;;;;;;x
PRU_554;Thuringia;;;;;;;;;;;;x
SAX_558;Saxony;;;;;;;;;;;;x
PRU_570;Palatinate;;;;;;;;;;;;x
BAV_595;Franconia;;;;;;;;;;;;x
BAV_599;Upper Bavaria;;;;;;;;;;;;x
SPA_610;Caroline Islands;;;;;;;;;;;;x
PRU_684;Upper Silesia;;;;;;;;;;;;x
PROV711;Siedlce;;;;;;;;;;;;x
RUS_715;West Galicia;;;;;;;;;;;;x
PROV719;Bialystok;;;;;;;;;;;;x
PROV748;Grosseto;;;;;;;;;;;;x
FRA_801;Tahiti;;;;;;;;;;;;x
TUR_809;Eastern Rumelia;;;;;;;;;;;;x
TUR_823;Eastern Macedonia;;;;;;;;;;;;x
PROV829;Xanthe;;;;;;;;;;;;x
TUR_876;Ankara;;;;;;;;;;;;x
TUR_880;Kastamonu;;;;;;;;;;;;x
TUR_882;Trabizond;;;;;;;;;;;;x
TUR_890;Van;;;;;;;;;;;;x
TUR_893;Diyarbakir;;;;;;;;;;;;x
TUR_894;Adana;;;;;;;;;;;;x
RUS_940;Pinsk;;;;;;;;;;;;x
RUS_955;Podillia;;;;;;;;;;;;x
RUS_968;Transnistria;;;;;;;;;;;;x
RUS_978;Kharkov;;;;;;;;;;;;x
PROV1082;Haishenwai;;;;;;;;;;;;x
JAP_1086;Sakhalin;;;;;;;;;;;;x
PROV1087;Otomari;;;;;;;;;;;;x
JAP_1088;Ezo;;;;;;;;;;;;x
AST_1097;New Caledonia;;;;;;;;;;;;x
PER_1116;Mazandaran;;;;;;;;;;;;x
PER_1128;Lorestan;;;;;;;;;;;;x
PER_1132;Khuzestan;;;;;;;;;;;;x
PER_1136;Fars;;;;;;;;;;;;x
PER_1140;Kerman;;;;;;;;;;;;x
YEM_1178;Sana'a;;;;;;;;;;;;x
AFG_1209;Pashtunistan;;;;;;;;;;;;x
KOK_1210;Bandakshan;;;;;;;;;;;;x
AFG_1214;Kandahar;;;;;;;;;;;;x
PAN_1233;Amritsar;;;;;;;;;;;;x
ENG_1243;Bundelkhand;;;;;;;;;;;;x
ENG_1244;Awadh;;;;;;;;;;;;x
SIA_1352;Pattani;;;;;;;;;;;;x
SIA_1355;Shan;;;;;;;;;;;;x
LUA_1356;Laos;;;;;;;;;;;;x
SIA_1358;Isan;;;;;;;;;;;;x
PROV1360;Xiangabouli;;;;;;;;;;;;x
DAI_1369;Tonkin;;;;;;;;;;;;x
DAI_1375;Annam;;;;;;;;;;;;x
DAI_1380;Cochinchina;;;;;;;;;;;;x
ENG_1384;Southern Malaya;;;;;;;;;;;;x
ENG_1391;Northern Malaya;;;;;;;;;;;;x
SIA_1392;Ayutthaya;;;;;;;;;;;;x
BRU_1394;West Borneo;;;;;;;;;;;;x
BRU_1396;Sabah;;;;;;;;;;;;x
NET_1401;Siak;;;;;;;;;;;;x
YEM_1412;Aden;;;;;;;;;;;;x
NET_1413;West Java;;;;;;;;;;;;x
NET_1418;East Java;;;;;;;;;;;;x
NET_1423;East Borneo;;;;;;;;;;;;x
NET_1426;South Borneo;;;;;;;;;;;;x
NET_1446;Timor;;;;;;;;;;;;x
NET_1449;Celebes;;;;;;;;;;;;x
PROV1469;Uriankhai;;;;;;;;;;;;x
PROV1542;Xuzhou;;;;;;;;;;;;x
PROV1559;Xian;;;;;;;;;;;;x
PROV1612;Baoding;;;;;;;;;;;;x
CHI_1612;Baoding;;;;;;;;;;;;x
PROV1616;Peking;;;;;;;;;;;;x
PROV1643;Ishikari;;;;;;;;;;;;x
JAP_1649;Kanto;;;;;;;;;;;;x
JAP_1654;Bonin Islands;;;;;;;;;;;;x
JAP_1655;Kansai;;;;;;;;;;;;x
JAP_1640;Chugoku;;;;;;;;;;;;x
JAP_1665;Shikoku;;;;;;;;;;;;x
JAP_1660;Kyushu;;;;;;;;;;;;x
JAP_1672;Tohoku;;;;;;;;;;;;x
JAP_1675;Chubu;;;;;;;;;;;;x
PROV1679;Amami;;;;;;;;;;;;x
MOR_1693;Marrakesh;;;;;;;;;;;;x
MOR_1694;Agadir;;;;;;;;;;;;x
ALD_1704;Oran;;;;;;;;;;;;x
ALD_1708;Constantine;;;;;;;;;;;;x
PROV1709;Bône;;;;;;;;;;;;x
ALD_1713;North Central Sahara;;;;;;;;;;;;x
TRI_1731;Tripolitania;;;;;;;;;;;;x
TRI_1735;Cyrenaica;;;;;;;;;;;;x
TRI_1740;Fezzan;;;;;;;;;;;;x
EGY_1745;Cairo;;;;;;;;;;;;x
EGY_1751;Alexandria;;;;;;;;;;;;x
EGY_1753;Qattara;;;;;;;;;;;;x
EGY_1755;Sinai;;;;;;;;;;;;x
ENG_1844;Sudd;;;;;;;;;;;;x
ETH_1852;Begemder;;;;;;;;;;;;x
ETH_1862;Gibe;;;;;;;;;;;;x
ETH_1865;Hararghe;;;;;;;;;;;;x
PROV1860;Hawassa;;;;;;;;;;;;x
PROV1863;Jimma;;;;;;;;;;;;x
PROV1864;Sidamo;;;;;;;;;;;;x
PROV1866;Bale;;;;;;;;;;;;x
PROV1867;Ogaden;;;;;;;;;;;;x
SOM_1868;South Somaliland;;;;;;;;;;;;x
SOM_1872;North Somaliland;;;;;;;;;;;;x
ASH_1909;Gold Coast;;;;;;;;;;;;x
FRA_1919;Dahomey;;;;;;;;;;;;x
SOK_1934;Biafra;;;;;;;;;;;;x
SOK_1937;Tukari;;;;;;;;;;;;x
SOK_1945;Kano;;;;;;;;;;;;x
SPA_1955;Equatorial Guinea;;;;;;;;;;;;x
ENG_1956;Cameroon;;;;;;;;;;;;x
SOK_1963;Adamawa;;;;;;;;;;;;x
FRA_1970;Bangassou;;;;;;;;;;;;x
BEL_1990;Kivu;;;;;;;;;;;;x
BEL_1996;Congo Orientale;;;;;;;;;;;;x
BEL_2034;Ruanda-Urundi;;;;;;;;;;;;x
ENG_2036;Zanzibar;;;;;;;;;;;;x
ENG_2044;Tanganyika;;;;;;;;;;;;x
ENG_2048;Zanzibar;;;;;;;;;;;;x
ENG_2067;Nyasaland;;;;;;;;;;;;x
ENG_2068;Mashonaland;;;;;;;;;;;;x
ENG_2071;Matabeleland;;;;;;;;;;;;x
ENG_2074;Bechuanaland;;;;;;;;;;;;x
ENG_2094;Kimberley;;;;;;;;;;;;x
PROV2124;Maore;;;;;;;;;;;;x
UCA_2191;El Salvador;;;;;;;;;;;;x
UCA_2193;Honduras;;;;;;;;;;;;x
CHI_2221;South Jiangsu;;;;;;;;;;;;x
NET_2235;Leeward Antilles;;;;;;;;;;;;x
PEU_2308;Arica;;;;;;;;;;;;x
BOL_2309;Antofagasta;;;;;;;;;;;;x
ARG_2360;Entre Rios;;;;;;;;;;;;x
PROV2367;Xolotas;;;;;;;;;;;;x
ARG_2374;Catamarca;;;;;;;;;;;;x
BRZ_2421;Goiás;;;;;;;;;;;;x
AST_2454;Fiji;;;;;;;;;;;;x
BRZ_2461;Santa Catarina;;;;;;;;;;;;x
SPA_2517;Mariana Islands;;;;;;;;;;;;x
AST_2534;Solomon Islands;;;;;;;;;;;;x
AST_2535;Melanesian Islands;;;;;;;;;;;;x
AUS_2538;Vojvodina;;;;;;;;;;;;x
TON_2540;Tonga;;;;;;;;;;;;x
USA_2543;Samoa;;;;;;;;;;;;x
PROV2554;Misiones;;;;;;;;;;;;x
HES_2560;Hessen;;;;;;;;;;;;x
RUS_2587;Kola;;;;;;;;;;;;x
CHI_2678;Outer Mongolia;;;;;;;;;;;;x
PROV2834;Bay of Ayan;;;;;;;;;;;;x
PROV2836;Coast of Kamchatka;;;;;;;;;;;;x
PROV2837;Sea of Okhotsk;;;;;;;;;;;;x
PROV2838;Coast of Sakhalin;;;;;;;;;;;;x
PROV2843;Seto Inland Sea;;;;;;;;;;;;x
PROV3126;Coast of Minami;;;;;;;;;;;;x
PROV79;Calispia;;;;;;;;;;;;x
PROV19;Fort St. James;;;;;;;;;;;;x
PROV18;New Caledonia;;;;;;;;;;;;x
PROV129;Guymon;;;;;;;;;;;;x
PROV128;Hugoton;;;;;;;;;;;;x
PROV158;Duluth;;;;;;;;;;;;x
PROV638;Prešov;;;;;;;;;;;;x
AUS_626;Sudetes;;;;;;;;;;;;x
PROV2630;Tok;;;;;;;;;;;;x
PROV84;Sactown;;;;;;;;;;;;x
PROV86;Truckee;;;;;;;;;;;;x
PROV98;Cedar City;;;;;;;;;;;;x
PROV23;Macallie;;;;;;;;;;;;x
PROV22;Bonnyville;;;;;;;;;;;;x
PROV27;Edmonton;;;;;;;;;;;;x
PROV31;Black Lake;;;;;;;;;;;;x
PROV32;La Ronge;;;;;;;;;;;;x
PROV40;Dauphin;;;;;;;;;;;;x
PROV9;Fort MacKenzie;;;;;;;;;;;;x
PROV2626;Sakami;;;;;;;;;;;;x
PROV59;Mistissini;;;;;;;;;;;;x
PROV2140;Hermosillo;;;;;;;;;;;;x
PROV2137;Nogales;;;;;;;;;;;;x
PROV2143;Ciudad Juarez;;;;;;;;;;;;x
PROV2147;Ciudad Acuña;;;;;;;;;;;;x
PROV2171;Cololo;;;;;;;;;;;;x
PROV103;Pueblo;;;;;;;;;;;;x
PROV109;Aspen;;;;;;;;;;;;x
PROV105;Santa Fe;;;;;;;;;;;;x
PROV218;Wheeling;;;;;;;;;;;;x
PROV217;Green Bank;;;;;;;;;;;;x
PROV2187;La Mesilla;;;;;;;;;;;;x
PROV2628;Ocos;;;;;;;;;;;;x
PROV2627;Coudersport;;;;;;;;;;;;x
PROV160;Superior;;;;;;;;;;;;x
PROV185;Pikeville;;;;;;;;;;;;x
PROV186;Lexington;;;;;;;;;;;;x
PROV196;Gadsden;;;;;;;;;;;;x
PROV193;Greenwood;;;;;;;;;;;;x
PROV168;Olney;;;;;;;;;;;;x
PROV33;Prince Albert;;;;;;;;;;;;x
PROV42;Winnipeg;;;;;;;;;;;;x
PROV36;Pinawa;;;;;;;;;;;;x
PROV60;Saplaid;;;;;;;;;;;;x
PROV211;Lynchburg;;;;;;;;;;;;x
PROV2186;Guatemala City;;;;;;;;;;;;x
PROV14;Victoria;;;;;;;;;;;;x
PROV3249;Kiritimati;;;;;;;;;;;x
PROV3250;Dead Sea;;;;;;;;;;;x
PROV3251;Lake of the Woods;;;;;;;;;;;x
PROV3252;Lake Nipissing;;;;;;;;;;;x
PROV3253;Lake Simcoe;;;;;;;;;;;x
PROV3254;Lake Winnebago;;;;;;;;;;;x
PROV3256;Lake Saint-Jean;;;;;;;;;;;x
PROV3257;Lake Manicouagan;;;;;;;;;;;x
PROV3258;Lake Mistassini;;;;;;;;;;;x
PROV3259;Lake Sakami;;;;;;;;;;;x
PROV3261;Lake Bienville;;;;;;;;;;;x
PROV3262;Clearwater Lakes;;;;;;;;;;;x
PROV3263;Lake Qullinaaraaluk;;;;;;;;;;;x
PROV3264;God's Lake;;;;;;;;;;;x
PROV3265;Wollaston Lake;;;;;;;;;;;x
PROV3266;Cree Lake;;;;;;;;;;;x
PROV3267;Churchill Lake;;;;;;;;;;;x
PROV3268;Nueltin Lake;;;;;;;;;;;x
PROV3269;Kasba Lake;;;;;;;;;;;x
PROV3270;Wholdaia Lake;;;;;;;;;;;x
PROV3271;Dubawnt Lake;;;;;;;;;;;x
PROV3272;Yathkyed Lake;;;;;;;;;;;x
PROV3273;Baker Lake;;;;;;;;;;;x
PROV3274;Schultz Lake;;;;;;;;;;;x
PROV3275;Aberdeen Lake;;;;;;;;;;;x
PROV3277;Williston Lake;;;;;;;;;;;x
PROV3278;Lake Okeechobee;;;;;;;;;;;x
PROV3279;Lake Tuz;;;;;;;;;;;x
PROV3280;Sevan Lake;;;;;;;;;;;x
PROV3281;Lake Iso-Kalla;;;;;;;;;;;;x
PROV3282;Lake Pyhäjärvi;;;;;;;;;;;;x
PROV3283;Lake Geneva;;;;;;;;;;;x
PROV3284;Lake Constance;;;;;;;;;;;x
PROV906;As-Suwayda;;;;;;;;;;;x
PROV3328;Sea of Picardy;;;;;;;;;;;x
PROV3324;The Metz Gulf;;;;;;;;;;;x
PROV3325;Strait of Britanny;;;;;;;;;;;x
PROV3326;Straits of Parii;;;;;;;;;;;x
PROV3327;Straits of Savoie;;;;;;;;;;;x
NET_1413;West Java;;;;;;;;;;;;x
NET_375;Holland;;;;;;;;;;;;x
NET_385;Groot-Kouderstad;;;;;;;;;;;;x
PROV425;Parii;;;;;;;;;;;;x
PROV625;Praha;;;;;;;;;;;;x
PROV619;Wien;;;;;;;;;;;;x
FRA_409;Elsàss;;;;;;;;;;;;x
FRA_411;Lothrìnga;;;;;;;;;;;;x
PROV3323;Cruce del Río;;;;;;;;;;;;x
PROV2714;Ladoga Salmi;;;;;;;;;;;;x
PROV400;Kouderstad;;;;;;;;;;;;x
PROV3315;Segozero;;;;;;;;;;;;x
PROV3329;The Vkhod;;;;;;;;;;;;x
PROV3330;The Split;;;;;;;;;;;;x
PROV3331;The Russian Channel;;;;;;;;;;;;x
PROV2703;Alqadima;;;;;;;;;;;;x
PROV2942;Swuazstrat;;;;;;;;;;;;x
PROV2704;Ornibasen;;;;;;;;;;;;x
PROV3318;Palärvi;;;;;;;;;;;;x
PROV3292;Nakazaniya;;;;;;;;;;;;x
PROV3291;Vodyanistyy;;;;;;;;;;;;x
PROV2713;Malyy Yarvi;;;;;;;;;;;;x
PROV1755;Swuaze;;;;;;;;;;;;x
PROV3255;Mar de Argentina;;;;;;;;;;;x
PROV3276;Amazonas Baía;;;;;;;;;;;x
PROV3260;Estreito de Grão;;;;;;;;;;;x
PROV2247;Bacatá;;;;;;;;;;;;x
USA_2556;Carolingia Proper;;;;;;;;;;;;x
PAW_166;Outer Illinois;;;;;;;;;;;;x
LOS_89;Greater Los Angeles Area;;;;;;;;;;;;x
TEX_134;East Texas;;;;;;;;;;;;x
CLM_2004;Old Taislas;;;;;;;;;;;;x
MEX_2165;Chiapas;;;;;;;;;;;;x
ARG_2355;La Isla de La Plata;;;;;;;;;;;;x
BOL_2321;Tierra Interior;;;;;;;;;;;;x
PRG_2338;Gracasa;;;;;;;;;;;;x
PRG_2343;Viejo Paraguay;;;;;;;;;;;;x
URU_2344;Nuevantrada;;;;;;;;;;;;x
PROV2360;Lluvia Ciudad;;;;;;;;;;;;x
PROV2348;Nueva Aires;;;;;;;;;;;;x
PROV538;Osnabrugge;;;;;;;;;;;;x
PROV581;Munster;;;;;;;;;;;;x
PROV577;Kleef;;;;;;;;;;;;x
PROV575;Keulen;;;;;;;;;;;;x
PROV576;Detskgorod;;;;;;;;;;;;x
PROV397;Luxemburg;;;;;;;;;;;;x
PROV395;Luik;;;;;;;;;;;;x
PROV399;Rijsel;;;;;;;;;;;;x
PROV392;Namen;;;;;;;;;;;;x
PROV393;Doornik;;;;;;;;;;;;x
PROV394;Krilograd;;;;;;;;;;;;x
PROV379;Respurod;;;;;;;;;;;;x
PROV398;Aarlen;;;;;;;;;;;;x
PROV388;Brugge;;;;;;;;;;;;x
PROV387;Brussel;;;;;;;;;;;;x
PROV390;Antwerpen;;;;;;;;;;;;x
PROV371;Abenrade;;;;;;;;;;;;x
PROV530;Lubeeck;;;;;;;;;;;;x
PROV536;Brunswyck;;;;;;;;;;;;x
PROV531;Stêd;;;;;;;;;;;;x
PROV367;Aalsburg;;;;;;;;;;;;x
PROV532;Luumburg;;;;;;;;;;;;x
PROV2557;Ysberg;;;;;;;;;;;;x
PROV370;Vlensburg;;;;;;;;;;;;x
PROV535;Negenburg;;;;;;;;;;;;x
PROV539;Breem;;;;;;;;;;;;x
PROV45;Saguenay;;;;;;;;;;;;x
PROV2357;Porlamar;;;;;;;;;;;;x
PROV57;Ottawa;;;;;;;;;;;;x
PROV3321;Nuai Palmi Springs;;;;;;;;;;;;x
PROV941;Novialiki;;;;;;;;;;;;x
PROV948;Varyjaca;;;;;;;;;;;;x
PROV942;Liepšaraka;;;;;;;;;;;;x
PROV718;Raskol;;;;;;;;;;;;x
PROV348;Hjørring;;;;;;;;;;;;x
PROV307;Överföringen;;;;;;;;;;;;x
PROV533;Guldborgsund;;;;;;;;;;;;x
PROV605;Bärn;;;;;;;;;;;;x
PROV605;Genèva;;;;;;;;;;;;x
PROV1162;Orlia;;;;;;;;;;;;x
PROV52;Palri Sound;;;;;;;;;;;;x
PROV6;Sant-Jerome;;;;;;;;;;;;x
PROV1490;Ranfray;;;;;;;;;;;;x
PROV1548;Monta-Laerier;;;;;;;;;;;;x
PROV1087;Réservoyr;;;;;;;;;;;;x
PROV1491;Foretsa;;;;;;;;;;;;x
PROV203;Larcbrem;;;;;;;;;;;;x
PROV1064;Omsk;;;;;;;;;;;;x
SIC_756;Apùglia;;;;;;;;;;;;x
CAN_65;Centre de Québec;;;;;;;;;;;;x
CAN_58;Montréal;;;;;;;;;;;;x
CAN_60;Centre de Québec;;;;;;;;;;;;x
SPA_512;Jardín;;;;;;;;;;;;x
SPA_513;Granadia;;;;;;;;;;;;x
SPA_474;Nuvacolia;;;;;;;;;;;;x
SPA_477;Leóna;;;;;;;;;;;;x
SPA_474;Nuvacolia;;;;;;;;;;;;x
SPA_477;Leóna;;;;;;;;;;;;x
SPA_484;Mayor Lirlo;;;;;;;;;;;;x
SPA_488;Flormoribuna;;;;;;;;;;;;x
SPA_503;Varcincia;;;;;;;;;;;;x
SPA_492;Varagóna;;;;;;;;;;;;x
POR_521;Alfazema;;;;;;;;;;;;x
SWI_603;Ostschweiz;;;;;;;;;;;;x
SWI_605;Zentralschweiz;;;;;;;;;;;;x
SWI_607;Westschweiz;;;;;;;;;;;;x
SPA_487;Damasco Central;;;;;;;;;;;;x
PROV2204;Acatra;;;;;;;;;;;;x
PROV2208;Pandotra;;;;;;;;;;;;x
PROV2254;Lindre Pordemac;;;;;;;;;;;;x
PROV2255;Arrienon Mugri;;;;;;;;;;;;x
PROV2270;Cicertra;;;;;;;;;;;;x
PROV2252;Crante Estata;;;;;;;;;;;;x
PROV2251;Intormonkit;;;;;;;;;;;;x
PROV2247;Uselontra;;;;;;;;;;;;x
PROV2253;Joleni Tener;;;;;;;;;;;;x
PROV2258;Pordemac dek Atia;;;;;;;;;;;;x
PROV2259;Ferrotra;;;;;;;;;;;;x
PROV2257;Freitra;;;;;;;;;;;;x
PROV2256;Suttestasta;;;;;;;;;;;;x
PROV2248;Iantra;;;;;;;;;;;;x
PROV2250;Por dek Ciole;;;;;;;;;;;;x
PROV389;Romanograd;;;;;;;;;;;;x
PROV300;New Stales;;;;;;;;;;;;x
PROV3320;New Oaks;;;;;;;;;;;;x
PROV3319;Greandier;;;;;;;;;;;;x
PROV70;Édouard Île;;;;;;;;;;;;x
PROV71;Halifaxe;;;;;;;;;;;;x
PROV73;Capreton Île;;;;;;;;;;;;x
PROV3288;Mar de Argentina;;;;;;;;;;;;x
PROV3288;The Eyre Sea;;;;;;;;;;;;x
PROV2502;Eldtrad;;;;;;;;;;;;x
PROV2494;Augusta;;;;;;;;;;;;x
FRA_1813;Sabbin Kasashe;;;;;;;;;;;;x
SIC_763;Sicilia;;;;;;;;;;;;x
SCO_252;New Scotland;;;;;;;;;;;;x
QUE_251;Nouverts;;;;;;;;;;;;x
PROV1541;New Stirling City;;;;;;;;;;;;x
PROV1498;Green Harbor;;;;;;;;;;;;x
PROV1606;Raleen;;;;;;;;;;;;x
PROV253;Ritchie Islands;;;;;;;;;;;;x
PROV252;Sutherland;;;;;;;;;;;;x
PROV1330;Petitport;;;;;;;;;;;;x
PROV1570;Bord de Collin;;;;;;;;;;;;x
PROV2636;Lecreftville;;;;;;;;;;;;x
PROV251;Nordauch;;;;;;;;;;;;x
PROV93;Fort Jamieson;;;;;;;;;;;;x
PROV2455;Elidia;;;;;;;;;;;;x
PROV2451;Qeril;;;;;;;;;;;;x
PROV2450;Tirarroha;;;;;;;;;;;;x
PROV2457;Axua;;;;;;;;;;;;x
PROV2306;Jeres;;;;;;;;;;;;x
PROV2461;Ot' d-at-l Nuri;;;;;;;;;;;;x
PROV2460;Pidrinha;;;;;;;;;;;;x
PROV2452;Cal da Giuv;;;;;;;;;;;;x
PROV2446;Namar;;;;;;;;;;;;x
PROV2456;Piaro;;;;;;;;;;;;x
PROV2453;Forê;;;;;;;;;;;;x
PROV2458;Cautell;;;;;;;;;;;;x
PROV2462;Millel;;;;;;;;;;;;x
PROV2459;Jerinho;;;;;;;;;;;;x
PROV2461;Ot d-at-l Seria;;;;;;;;;;;;x
PROV2463;Porso da Legra;;;;;;;;;;;;x
PROV2464;Menharia;;;;;;;;;;;;x
PROV2466;Fitasao;;;;;;;;;;;;x
PROV2467;Federicopolis;;;;;;;;;;;;x
PROV2345;Sertanhia;;;;;;;;;;;;x
PROV2347;Uruquia d-at-l Nuri;;;;;;;;;;;;x
PROV2344;Uruquia d-at-l Seria;;;;;;;;;;;;x
PROV2348;Nua Brixinha;;;;;;;;;;;;x
PROV2346;Corominha;;;;;;;;;;;;x
PROV2363;Il Nurigo;;;;;;;;;;;;x
PROV2349;Regiao Xunim;;;;;;;;;;;;x
PROV2351;Maxdalinha;;;;;;;;;;;;x
PROV2350;Tira Allulia;;;;;;;;;;;;x
PROV2352;Ot' d-at-l Plazsa;;;;;;;;;;;;x
PROV2354;Nua Ballia;;;;;;;;;;;;x
PROV2353;Tarlê;;;;;;;;;;;;x
PROV2355;Corso do Roxo;;;;;;;;;;;;x
PROV2386;Persucallao;;;;;;;;;;;;x
PROV2379;Córdoma;;;;;;;;;;;;x
PROV2380;Vix Dinoca;;;;;;;;;;;;x
PROV2381;Riverinha;;;;;;;;;;;;x
PROV2383;Tirasao;;;;;;;;;;;;x
PROV2384;Mercinia;;;;;;;;;;;;x
PROV2382;Sorogênia;;;;;;;;;;;;x
PROV2359;Citae Borginha;;;;;;;;;;;;x
PROV2393;Llituria;;;;;;;;;;;;x
PROV2321;Terraien;;;;;;;;;;;;x
PROV2320;Guarapá;;;;;;;;;;;;x
PROV2319;Santán;;;;;;;;;;;;x
PROV2317;Jicnago;;;;;;;;;;;;x
PROV2316;Orijia;;;;;;;;;;;;x
PROV2318;Sabatigia;;;;;;;;;;;;x
PROV2418;Quiáo;;;;;;;;;;;;x
PROV2419;Corimina;;;;;;;;;;;;x
PROV2416;Portamarilo;;;;;;;;;;;;x
PROV2337;Lixer;;;;;;;;;;;;x
PROV2367;Pó 'e Guará;;;;;;;;;;;;x
PROV2365;Minien;;;;;;;;;;;;x
PROV2365;Estevacitá;;;;;;;;;;;;x
PROV2376;Des-o Ter;;;;;;;;;;;;x
PROV2377;Brijas;;;;;;;;;;;;x
PROV2356;Fliujido;;;;;;;;;;;;x
PROV2366;Isla Bel;;;;;;;;;;;;x
PROV2378;Malíja;;;;;;;;;;;;x
PROV2362;Provinje;;;;;;;;;;;;x
PROV2360;Sax Trovije;;;;;;;;;;;;x
PROV3289;Scottish Channel;;;;;;;;;;;;x
PROV1008;Moskva;;;;;;;;;;;;x
RUS_1008;Moskva;;;;;;;;;;;;x
OMS_1064;Omsk Pravyy;;;;;;;;;;;;x
OMS_1067;Vostok;;;;;;;;;;;;x
SIB_394;Krilograd Pravyy;;;;;;;;;;;;x
SIB_2659;Arkticheskiy;;;;;;;;;;;;x
RUS_2653;Voronkrasnyy;;;;;;;;;;;;x
RUS_389;Romangrad Pravyy;;;;;;;;;;;;x
RUS_2685;Vershina;;;;;;;;;;;;x
PROV1202;Zakharograd;;;;;;;;;;;;x
PROV1485;Stalinovich;;;;;;;;;;;;x
PROV1068;Kostya;;;;;;;;;;;;x
PROV1190;Konstantinograd;;;;;;;;;;;;x
PROV2656;Ustin;;;;;;;;;;;;;;;;;;;;;;;x
PROV2701;Osip;;;;;;;;;;;;;;;;;;;;;;;x
RUS_2680;Bespoleznyy;;;;;;;;;;;;;;;;;;;;;;;x
HAN_530;Neue Küste;;;;;;;;;;;;;;;;;;;;;;;x
PROV313;Olso;;;;;;;;;;;;;;;;;;;;;;;x
PROV310;Frekkefjord;;;;;;;;;;;;;;;;;;;;;;;x
PROV311;Kristianssand;;;;;;;;;;;;;;;;;;;;;;;x
PROV1021;Jerperland;;;;;;;;;;;;;;;;;;;;;;;x
PROV1045;Osteroy;;;;;;;;;;;;;;;;;;;;;;;x
PROV1023;Leidingshaugen;;;;;;;;;;;;;;;;;;;;;;;x
PROV1096;Evje;;;;;;;;;;;;;;;;;;;;;;;x
PROV1652;Nyverden;;;;;;;;;;;;;;;;;;;;;;;x
PROV74;Kolderveen;;;;;;;;;;;;;;;;;;;;;;;x
PROV75;Bloemstad;;;;;;;;;;;;;;;;;;;;;;;x
PROV77;Zittend en Kade;;;;;;;;;;;;;;;;;;;;;;;x
QUE_75;Nieuw-Kouderhagen;;;;;;;;;;;;;;;;;;;;;;;x
PROV3290;The Sea of Eyre;;;;;;;;;;;;;;;;;;;;;;;x
PROV2492;Palicon;;;;;;;;;;;;;;;;;;;;;;;x
PROV2496;Fromden;;;;;;;;;;;;;;;;;;;;;;;x
PROV2499;Black Hills;;;;;;;;;;;;;;;;;;;;;;;x
PROV2495;Desert;;;;;;;;;;;;;;;;;;;;;;;x
PROV2507;Windy Sands;;;;;;;;;;;;;;;;;;;;;;;x
PROV2603;Rezere;;;;;;;;;;;;;;;;;;;;;;;x
PROV2699;Allakalla;;;;;;;;;;;;;;;;;;;;;;;x
PROV2504;Esperia City;;;;;;;;;;;;;;;;;;;;;;;x
ENG_210;Fromden;;;;;;;;;;;;;;;;;;;;;;;x
ENG_2497;Perth;;;;;;;;;;;;;;;;;;;;;;;x
AST_2500;Esperia;;;;;;;;;;;;;;;;;;;;;;;x
AST_2501;Broome;;;;;;;;;;;;;;;;;;;;;;;x
AST_210;Esperia;;;;;;;;;;;;;;;;;;;;;;;x
AST_399;Trovenstray;;;;;;;;;;;;;;;;;;;;;;;x
AST_407;Saplaid;;;;;;;;;;;;;;;;;;;;;;;x
AST_856;Nowozer-Braze;;;;;;;;;;;;;;;;;;;;;;;x
AST_742;Ranseyre;;;;;;;;;;;;;;;;;;;;;;;x
AST_2476;Melbourne;;;;;;;;;;;;;;;;;;;;;;;x
AST_128;The Lost Coast;;;;;;;;;;;;;;;;;;;;;;;x
AST_2473;Broken Plains;;;;;;;;;;;;;;;;;;;;;;;x
PROV1485;Lenikhtinsk;;;;;;;;;;;;;;;;;;;;;;;x
PROV498;Barce;;;;;;;;;;;;;;;;;;;;;;;x
NIT_637;Bohatéhory;;;;;;;;;;;;;;;;;;;;;;;x
NIT_714;Roviny;;;;;;;;;;;;;;;;;;;;;;;x
ENG_74;Terre-Neuve;;;;;;;;;;;;;;;;;;;;;;;x
PROV994;Peterburgh;;;;;;;;;;;;;;;;;;;;;;;x
BRZ_2425;Chapada;;;;;;;;;;;;;;;;;;;;;;;x
BRZ_1367;Callifal;;;;;;;;;;;;;;;;;;;;;;;x
BRZ_1954;Rallego;;;;;;;;;;;;;;;;;;;;;;;x
BRZ_2452;Campinas;;;;;;;;;;;;;;;;;;;;;;;x
FIN_339;Alustenden;;;;;;;;;;;;;;;;;;;;;;;x
SWI_721;Lombardei;;;;;;;;;;;;;;;;;;;;;;;x
RUS_1194;Setjer;;;;;;;;;;;;;;;;;;;;;;;x
RUS_2678;Bulgan;;;;;;;;;;;;;;;;;;;;;;;x
SIA_1365;Quandaoxanh;;;;;;;;;;;;;;;;;;;;;;;x 
CSK_2301;Valle del Amazonas;;;;;;;;;;;;;;;;;;;;;;;x
LIT_2569;Kurassala;;;;;;;;;;;;;;;;;;;;;;;x
RUS_945;Pamestas;;;;;;;;;;;;;;;;;;;;;;;x
USA_82;Great Cliffs;;;;;;;;;;;;;;;;;;;;;;;x
CAN_49;Northern Crossing;;;;;;;;;;;;;;;;;;;;;;;x
CAN_57;Toronto Area;;;;;;;;;;;;;;;;;;;;;;;x
WIN_2596;The Rest Points;;;;;;;;;;;;;;;;;;;;;;;x
RUS_1071;Xia;;;;;;;;;;;;;;;;;;;;;;;x
RUS_1072;Dishan;;;;;;;;;;;;;;;;;;;;;;;x
NTC_1992;Innlandskysten;;;;;;;;;;;;;;;;;;;;;;;x
NTC_1973;Zaire;;;;;;;;;;;;;;;;;;;;;;;x
NTC_2000;Hvitesund;;;;;;;;;;;;;;;;;;;;;;;x
PROV2000;Tipsbyen;;;;;;;;;;;;;;;;;;;;;;;x
PROV1983;Hvitesund;;;;;;;;;;;;;;;;;;;;;;;x
PROV1977;Hafnarlaekur;;;;;;;;;;;;;;;;;;;;;;;x
PROV2624;Kystsjø;;;;;;;;;;;;;;;;;;;;;;;x
PROV1978;Tollefsrud;;;;;;;;;;;;;;;;;;;;;;;x
PROV1980;Opptelling;;;;;;;;;;;;;;;;;;;;;;;x
PROV1992;Handelbukt;;;;;;;;;;;;;;;;;;;;;;;x
PROV1976;Mølleskov;;;;;;;;;;;;;;;;;;;;;;;x
PROV1975;Nordholm;;;;;;;;;;;;;;;;;;;;;;;x
PROV1974;Stoffsted;;;;;;;;;;;;;;;;;;;;;;;x
PROV1972;Sólholt;;;;;;;;;;;;;;;;;;;;;;;x
PROV1973;Hoppepunkt;;;;;;;;;;;;;;;;;;;;;;;x
PROV1955;Aasøyer;;;;;;;;;;;;;;;;;;;;;;;x
PROV3295;Rùkou Sea;;;;;;;;;;;;;;;;;;;;;;;x
PROV3108;The Yin Sea;;;;;;;;;;;;;;;;;;;;;;;x
PROV3235;The Jiaoyì;;;;;;;;;;;;;;;;;;;;;;;x
PROV3301;Sea of Rèshui;;;;;;;;;;;;;;;;;;;;;;;x
ENG_277;Chester;;;;;;;;;;;;;;;;;;;;;;;x
ENG_280;Tyne;;;;;;;;;;;;;;;;;;;;;;;x
PROV280;Tyne;;;;;;;;;;;;;;;;;;;;;;;x
ENG_291;Anglia;;;;;;;;;;;;;;;;;;;;;;;x
PROV292;Norfolk;;;;;;;;;;;;;;;;;;;;;;;x
NEP_1329;Pahajala;;;;;;;;;;;;;;;;;;;;;;;x
NEP_1326;Rajad;;;;;;;;;;;;;;;;;;;;;;;x
NEP_1327;The Himas;;;;;;;;;;;;;;;;;;;;;;;x
DEL_1236;Naee Delhee;;;;;;;;;;;;;;;;;;;;;;;x
IND_1290;Issac's Ghar;;;;;;;;;;;;;;;;;;;;;;;x
PROV3307;The Jalmaarg;;;;;;;;;;;;;;;;;;;;;;;x
PROV3286;The Khula Samudr;;;;;;;;;;;;;;;;;;;;;;;x
PROV3303;Issac's Gahara;;;;;;;;;;;;;;;;;;;;;;;x
PROV304;Aistislah;;;;;;;;;;;;;;;;;;;;;;;x
ENG_1275;Uttam;;;;;;;;;;;;;;;;;;;;;;;x
ENG_1241;Vikaas;;;;;;;;;;;;;;;;;;;;;;;x
PROV1637;Cheju and Tsushima;;;;;;;;;;;;;;;;;;;;;;;x
PROV1476;Gongye Archipelago;;;;;;;;;;;;;;;;;;;;;;;x
PROV1543;Heicheng;;;;;;;;;;;;;;;;;;;;;;;x
CHI_1465;Ekhoron;;;;;;;;;;;;x
CHI_1468;Khuurai;;;;;;;;;;;;x
CHI_1532;Gadaadaral;;;;;;;;;;;;x
CHI_1540;Hei;;;;;;;;;;;;;;;;;;;;;;;x
RYU_1679;Bàndao;;;;;;;;;;;;;;;;;;;;;;;x
RYU_1537;Didì;;;;;;;;;;;;;;;;;;;;;;;x
JUC_1536;Ju;;;;;;;;;;;;;;;;;;;;;;;x
CHI_1563;Shangdao;;;;;;;;;;;;;;;;;;;;;;;x
CHI_1565;Xiaofang;;;;;;;;;;;;;;;;;;;;;;;x
CHI_1477;Haishì;;;;;;;;;;;;x
CHI_1470;South Anhui;;;;;;;;;;;;x
CHI_1479;Fengtian;;;;;;;;;;;;x
CHI_1482;Chaoxue;;;;;;;;;;;;x
CHI_1485;Laozuzong;;;;;;;;;;;;x
CHI_1490;Gansu;;;;;;;;;;;;x
CHI_1493;Dongwan;;;;;;;;;;;;x
CHI_1499;Cantan;;;;;;;;;;;;x
CHI_1502;Tamlai;;;;;;;;;;;;x
CHI_1505;Chilún Senlín;;;;;;;;;;;;x
CHI_1508;East Henan;;;;;;;;;;;;x
CHI_1510;West Henan;;;;;;;;;;;;x
CHI_1519;West Hubei;;;;;;;;;;;;x
CHI_1522;East Hubei;;;;;;;;;;;;x
PROV1523;Xiangdiqu;;;;;;;;;;;;x
CHI_1524;North Hunan;;;;;;;;;;;;x
CHI_1526;South Hunan;;;;;;;;;;;;x
CHI_1545;North Jiangxi;;;;;;;;;;;;x
CHI_1547;South Jiangxi;;;;;;;;;;;;x
CHI_1552;Heilongjiang;;;;;;;;;;;;x
CHI_1555;Kirin;;;;;;;;;;;;x
CHI_1559;Shaanxi;;;;;;;;;;;;x
CHI_1572;Shanxi;;;;;;;;;;;;x
CHI_1578;West Sichuan;;;;;;;;;;;;x
CHI_1579;East Sichuan;;;;;;;;;;;;x
CHI_1594;Kashgar;;;;;;;;;;;;x
CHI_1600;Urumqui;;;;;;;;;;;;x
CHI_1601;Yunnan;;;;;;;;;;;;x
CHI_1604;Shen;;;;;;;;;;;;x
CHI_1610;Wuying;;;;;;;;;;;;x
PROV923;Ninwe;;;;;;;;;;;;x
PROV843;Sakiz;;;;;;;;;;;;x
PROV859;Gelibolu;;;;;;;;;;;;x
PROV805;Solun;;;;;;;;;;;;x
PROV821;Vodinu;;;;;;;;;;;;x
PROV819;Lerin;;;;;;;;;;;;x
PROV820;Grebini;;;;;;;;;;;;x
PROV833;Trikolj;;;;;;;;;;;;x
PROV834;Athina;;;;;;;;;;;;x
PROV840;Korinthos;;;;;;;;;;;;x
PROV1751;Rakoti-Alexandria;;;;;;;;;;;;x
PROV1747;Tandata;;;;;;;;;;;;x
PROV1750;Tipersis-Phylake;;;;;;;;;;;;x
PROV1765;Phiom-Philadelphia;;;;;;;;;;;;x
PROV1763;Het-Nesut-Heracleopolis;;;;;;;;;;;;x
PROV1745;Al Qahiroah;;;;;;;;;;;;x
PROV1767;Al Luqsur;;;;;;;;;;;;x
PROV917;Yerushalayim;;;;;;;;;;;;x
PROV989;Hevron;;;;;;;;;;;;x
PROV920;Azza;;;;;;;;;;;;x
PROV919;Yaffo-Tel Aviv;;;;;;;;;;;;x
PROV918;Shechem;;;;;;;;;;;;x
PROV916;Akko;;;;;;;;;;;;x
PROV908;Rabat-Ammon;;;;;;;;;;;;x
PROV1132;Ar-Ramadi;;;;;;;;;;;;x
PROV927;Sur-marrati;;;;;;;;;;;;x
PROV1939;Tsakiyar;;;;;;;;;;;;x
PROV927;Sur-marrati;;;;;;;;;;;;x
PROV1457;Naga;;;;;;;;;;;;x
PROV3333;Tanay;;;;;;;;;;;;x
PROV3336;Cabanatuan;;;;;;;;;;;;x
PROV3340;Ibaguiow;;;;;;;;;;;;x
PROV3334;Upper Subc;;;;;;;;;;;;x
PROV1455;Pa;;;;;;;;;;;;x
PROV3332;Upper Lucina;;;;;;;;;;;;x
PROV3335;Upper Bacolod;;;;;;;;;;;;x
PROV3337;Upper Tagblaran;;;;;;;;;;;;x
PROV3338;Maraw;;;;;;;;;;;;x
PROV3339;Upper Apar;;;;;;;;;;;;x
PROV3341;UpperPalo;;;;;;;;;;;;x
ETH_1859;Onneelafa;;;;;;;;;;;;x
PROV1859;Onnee City;;;;;;;;;;;;x
ETH_1853;Ma'ibeli Meretochi;;;;;;;;;;;;x
PROV1857;Ma'ibeli City;;;;;;;;;;;;x
FRA_1927;The Tsakiya Heartlands;;;;;;;;;;;;x
PROV2589;Sarki City;;;;;;;;;;;;x
FRA_1815;Korgenkore;;;;;;;;;;;;x
FRA_1816;Mruwa;;;;;;;;;;;;x
TOR_1784;Fleuvmar;;;;;;;;;;;;x
WOL_1785;Marcage;;;;;;;;;;;;x
PROV12;Babbangabas;;;;;;;;;;;;x
PROV2589;Hanyamai-Sauri;;;;;;;;;;;;x
PROV1463;Cagyan Doro;;;;;;;;;;;;x
PROV1462;Fort Pilaria;;;;;;;;;;;;x
PROV1459;Puer Prin;;;;;;;;;;;;x
PROV3342;Rise-Artvin;;;;;;;;;;;;x
PROV3343;Nalchik;;;;;;;;;;;;x
PROV3344;Armavir;;;;;;;;;;;;x
PROV3345;Maitum;;;;;;;;;;;;x
PROV3346;Glan;;;;;;;;;;;;x
PROV3347;Malaybalay;;;;;;;;;;;;x
PROV3348;Bislig;;;;;;;;;;;;x
PROV3349;Tagum;;;;;;;;;;;;x
PROV3350;Kalawit;;;;;;;;;;;;x
PROV1057;Kizlyar;;;;;;;;;;;;x
PROV3351;Tskhinvali;;;;;;;;;;;;x
PROV3352;Gori;;;;;;;;;;;;x
PROV3353;Telavi;;;;;;;;;;;;x
PROV3354;Martuni;;;;;;;;;;;;x
PROV3355;Stepanavan;;;;;;;;;;;;x
PROV3356;Sumayquit;;;;;;;;;;;;x
PROV3357;Azari Shirvan;;;;;;;;;;;;x
PROV3358;Quobustan;;;;;;;;;;;;x
PROV3359;Masalli;;;;;;;;;;;;x
PROV1051;Cerkessk-New Maykop;;;;;;;;;;;;x
RUS_1056;Eastern Cherkess Plains;;;;;;;;;;;;x
TUR_788;West Istoslavia;;;;;;;;;;;;x
SER_794;East Istoslavia;;;;;;;;;;;;x
TUR_803;Lesser Iskhoria;;;;;;;;;;;;x
TUR_810;Greater Iskhoria;;;;;;;;;;;;x
MON_2582;Southwest Istoslavia;;;;;;;;;;;;x
TUR_674;Dobruca;;;;;;;;;;;;x
TUR_860;Trakya;;;;;;;;;;;;x
TUR_931;Ninwe Plains;;;;;;;;;;;;x
GEO_3353;Ganja-Agdam;;;;;;;;;;;;x
AZB_1389;Zanzegur;;;;;;;;;;;;x
AZB_1386;Eastern Karabakh Valley;;;;;;;;;;;;x
DAG_1104;Dagestani Hills;;;;;;;;;;;;x
AZB_1107;Lankaran;;;;;;;;;;;;x
RUS_1102;Baku;;;;;;;;;;;;x
RUS_1090;Kartvli;;;;;;;;;;;;x
RUS_1098;Hayakstan;;;;;;;;;;;;x
GEO_1095;Egrisi;;;;;;;;;;;;x
RUS_1052;Northern Kavkaz Foothills;;;;;;;;;;;;x
MOL_673;Moldova;;;;;;;;;;;;x
WAL_665;Tara Dacianeasca;;;;;;;;;;;;x
AUS_623;Starodamarsk;;;;;;;;;;;;x
AUS_641;Igaz Magyarorszag;;;;;;;;;;;;x
PROV703;Krakov;;;;;;;;;;;;x
PROV688;Opava;;;;;;;;;;;;x
PROV2584;Bilsko Bela;;;;;;;;;;;;x
PROV685;Katovice;;;;;;;;;;;;x
PROV682;Vratislav;;;;;;;;;;;;x
PROV628;Usti Nad Labem;;;;;;;;;;;;x
PROV627;Karlovy Vary;;;;;;;;;;;;x
PROV684;Opoli;;;;;;;;;;;;x
PROV826;Korfuz;;;;;;;;;;;;x
AUS_625;West Cislavy;;;;;;;;;;;;x
GRE_826;Peloponnesos;;;;;;;;;;;;x
KUR_890;Wan;;;;;;;;;;;;x
PROV890;Wan;;;;;;;;;;;;x
KUR_925;Urmiye;;;;;;;;;;;;x
PROV1110;Urmiye;;;;;;;;;;;;x
KUR_928;Kirmasan;;;;;;;;;;;;x
PROV1117;Kirmasan;;;;;;;;;;;;x